description,category
SWIGGY ORDER BANGALORE,Food & Dining
ZOMATO ONLINE RESTAURANT,Food & Dining
DOMINOS PIZZA DELIVERY,Food & Dining
MCDONALDS BURGER MEAL,Food & Dining
KFC CHICKEN BUCKET,Food & Dining
STARBUCKS COFFEE CAFE,Food & Dining
SUBWAY SANDWICH,Food & Dining
BLINKIT QUICK GROCERY,Food & Dining
ZEPTO 10 MIN GROCERY,Food & Dining
BIGBASKET SUPERMARKET ORDER,Food & Dining
CHAAYOS TEA CAFE,Food & Dining
HALDIRAM SWEETS AND SNACKS,Food & Dining
BARBEQUE NATION DINNER,Food & Dining
LOCAL BAKERY CAKES,Food & Dining
PIZZA HUT RESTAURANT,Food & Dining
AMAZON PURCHASE RETAIL,Shopping
FLIPKART INTERNET ORDER,Shopping
MYNTRA FASHION CLOTHING,Shopping
AJIO APPAREL ONLINE,Shopping
MEESHO ONLINE SHOPPING,Shopping
NYKAA BEAUTY PRODUCTS,Shopping
TATA CLIQ ELECTRONICS,Shopping
RELIANCE DIGITAL GADGETS,Shopping
CROMA RETAIL STORE,Shopping
DECATHLON SPORTS GOODS,Shopping
ZARA RETAIL STORE,Shopping
H&M CLOTHING MALL,Shopping
UNIQLO CASUAL WEAR,Shopping
IKEA HOME FURNITURE,Shopping
LENSKART EYEGLASSES,Shopping
ONLINE MARKETPLACE STORE,Shopping
MARKETPLACE RETAIL GOODS,Shopping
COMMERCE MARKETPLACE PURCHASE,Shopping
NETFLIX SUBSCRIPTION STREAMING,Entertainment
SPOTIFY MUSIC PREMIUM,Entertainment
HOTSTAR VIP SUBSCRIPTION,Entertainment
BOOKMYSHOW MOVIE TICKETS,Entertainment
PVR CINEMAS MULTIPLEX,Entertainment
INOX LEISURE THEATRE,Entertainment
YOUTUBE PREMIUM FAMILY,Entertainment
SONYLIV ENTERTAINMENT SUB,Entertainment
APPLE MUSIC SUBSCRIPTION,Entertainment
STEAM GAMES ONLINE,Entertainment
PLAYSTATION NETWORK STORE,Entertainment
AMAZON PRIME VIDEO ANNUAL,Entertainment
UBER RIDE CITY TRIP,Travel
OLA CABS TAXI FARE,Travel
RAPIDO BIKE TAXI,Travel
IRCTC TRAIN TICKET BOOKING,Travel
MAKEMYTRIP FLIGHT BOOKING,Travel
GOIBIBO HOTEL RESERVATION,Travel
INDIGO AIRLINES TICKET,Travel
AIR INDIA DOMESTIC FLIGHT,Travel
VISTARA AIRWAYS FLIGHT,Travel
REDBUS INTERCITY BUS,Travel
NETC FASTAG TOLL PLAZA,Travel
INDIAN OIL PETROL PUMP,Travel
BPCL FUEL STATION DIESEL,Travel
HPCL AUTO FUEL FILLING,Travel
SHELL PETROL STATION,Travel
ELECTRICITY BILL PAYMENT,Utilities
BESCOM POWER BILL,Utilities
TATA POWER ELECTRICITY,Utilities
ADANI ELECTRICITY BILL,Utilities
WATER SUPPLY BOARD CHARGES,Utilities
INDANE GAS CYLINDER REFILL,Utilities
HP GAS BOOKING ONLINE,Utilities
IGL PIPED NATURAL GAS,Utilities
AIRTEL POSTPAID MOBILE BILL,Utilities
JIO PREPAID RECHARGE,Utilities
VI VODAFONE MOBILE RECHARGE,Utilities
ACT FIBERNET BROADBAND BILL,Utilities
TATA PLAY DTH RECHARGE,Utilities
APOLLO PHARMACY MEDICINES,Healthcare
MEDPLUS CHEMIST AND DRUGGIST,Healthcare
PHARMEASY ONLINE MEDICINE,Healthcare
TATA 1MG HEALTHCARE DIAGNOSTICS,Healthcare
NETMEDS ONLINE PHARMACY,Healthcare
MAX HOSPITAL CONSULTATION FEE,Healthcare
FORTIS CLINIC OPD CHARGES,Healthcare
LAL PATHLABS BLOOD TEST,Healthcare
DENTAL CLINIC TREATMENT,Healthcare
DR CONSULTATION CHARGES,Healthcare
MONTHLY SALARY CREDIT,Salary
CORP SALARY INFOSYS TECHNOLOGIES,Salary
PAYROLL CREDIT TCS LTD,Salary
WIPRO TECHNOLOGIES SALARY,Salary
WAGES AND BONUS CREDIT,Salary
MONTHLY REMUNERATION,Salary
DIRECT DEPOSIT SALARY PAYMENT,Salary
ZERODHA BROKING EQUITY,Investment
GROWW MUTUAL FUND SIP,Investment
UPSTOX SECURITIES TRADING,Investment
ANGEL ONE BROKING INVEST,Investment
NPS NATIONAL PENSION SCHEME,Investment
PPF PUBLIC PROVIDENT FUND,Investment
HDFC MUTUAL FUND DIRECT GROWTH,Investment
ICICI PRUDENTIAL MF SIP,Investment
FIXED DEPOSIT INTEREST REINVESTMENT,Investment
CAMS MUTUAL FUND SERVICE,Investment
UPI FUND TRANSFER TO FRIEND,Transfer
NEFT TRANSFER TO ACCOUNT,Transfer
RTGS OUTWARD REMITTANCE,Transfer
IMPS P2P INSTANT TRANSFER,Transfer
INTERNAL ACCOUNT TRANSFER,Transfer
MONEY TRANSFER TO FAMILY,Transfer
ATM CASH WITHDRAWAL,ATM/Cash
CASH DISPENSED AT ATM,ATM/Cash
NFS ATM WITHDRAWAL CHARGE,ATM/Cash
CASH DEPOSIT AT CDM MACHINE,ATM/Cash
BRANCH CASH WITHDRAWAL,ATM/Cash
BANK ANNUAL MAINTENANCE FEE,Fees & Charges
SMS ALERT SERVICE CHARGE,Fees & Charges
ATM TRANSACTION PENALTY CHARGE,Fees & Charges
MINIMUM BALANCE CHARGE DEBIT,Fees & Charges
CREDIT CARD ANNUAL MEMBERSHIP FEE,Fees & Charges
CHEQUE RETURN CHARGES DEBIT,Fees & Charges
HOUSE RENT PAYMENT VIA UPI,Rent
MONTHLY APARTMENT RENT,Rent
NOBROKER RENT PAYMENT,Rent
SOCIETY MAINTENANCE CHARGE,Rent
FLAT RENT TO OWNER,Rent
SCHOOL TUITION FEE TERM 1,Education
COLLEGE SEMESTER EXAM FEE,Education
UNIVERSITY ADMISSION CHARGES,Education
UDEMY ONLINE COURSE PURCHASE,Education
COURSERA LEARNING SUBSCRIPTION,Education
UNACADEMY SUBSCRIPTION FEE,Education
